{
  "corners": [
    {
      "x": 171.7309644670036,
      "y": 839.2335025380739
    },
    {
      "x": 417.7614213197841,
      "y": 821.659898477165
    },
    {
      "x": 390.9035532994856,
      "y": 445.64974619290024
    },
    {
      "x": 144.87309644669975,
      "y": 463.2233502538095
    }
  ]
}